id	dairy	dairylike	beer	wine	juice	water	softdrink	coffee	energydrink	proteindrink	tea	alcohol	otherdrink
88th Night Shincha Organic Tea	0	0	0	0	0	0	0	0	0	0	1	0	0
Adam's Peak White Tea	0	0	0	0	0	0	0	0	0	0	1	0	0
Alentejo	0	0	0	1	0	0	0	0	0	0	0	1	0
Amacha Tea	0	0	0	0	0	0	0	0	0	0	1	0	0
Amber Oolong Tea	0	0	0	0	0	0	0	0	0	0	1	0	0
Ancient Green Tea	0	0	0	0	0	0	0	0	0	0	1	0	0
Anji Bai Cha Tea	0	0	0	0	0	0	0	0	0	0	1	0	0
Anthemis Tea	0	0	0	0	0	0	0	0	0	0	1	0	0
Apricot with Flowers Tea	0	0	0	0	0	0	0	0	0	0	1	0	0
Aracha Tea	0	0	0	0	0	0	0	0	0	0	1	0	0
Assam GFOP Organic Tea	0	0	0	0	0	0	0	0	0	0	1	0	0
Assam GFOP Tea	0	0	0	0	0	0	0	0	0	0	1	0	0
Assam Tea	0	0	0	0	0	0	0	0	0	0	1	0	0
Bacanora	0	0	0	0	0	0	0	0	0	0	0	1	0
Bai Jiguan Tea	0	0	0	0	0	0	0	0	0	0	1	0	0
Bai Mudan Tea	0	0	0	0	0	0	0	0	0	0	1	0	0
Baihao Yinzhen Tea	0	0	0	0	0	0	0	0	0	0	1	0	0
Baimao Hou Tea	0	0	0	0	0	0	0	0	0	0	1	0	0
Baker Street Afternoon Blend Tea	0	0	0	0	0	0	0	0	0	0	1	0	0
Balasun Estate SFTGFOP1 First Flush Tea	0	0	0	0	0	0	0	0	0	0	1	0	0
Ban Tian Yao Tea	0	0	0	0	0	0	0	0	0	0	1	0	0
Bancha Tea	0	0	0	0	0	0	0	0	0	0	1	0	0
Banyuls	0	0	0	1	0	0	0	0	0	0	0	1	0
Barbaresco	0	0	0	1	0	0	0	0	0	0	0	1	0
Beaujolais	0	0	0	1	0	0	0	0	0	0	0	1	0
Belgachi Special Assam Oolong Tea	0	0	0	0	0	0	0	0	0	0	1	0	0
Biluochun Tea	0	0	0	0	0	0	0	0	0	0	1	0	0
Bitter Melon Tea	0	0	0	0	0	0	0	0	0	0	1	0	0
Black Dragon Tea	0	0	0	0	0	0	0	0	0	0	1	0	0
Black Label Breakfast Fannings Tea	0	0	0	0	0	0	0	0	0	0	1	0	0
Black Tea	0	0	0	0	0	0	0	0	0	0	1	0	0
Black with Vanilla Tea	0	0	0	0	0	0	0	0	0	0	1	0	0
Blackcurrant Tea	0	0	0	0	0	0	0	0	0	0	1	0	0
Blue Flower Tea	0	0	0	0	0	0	0	0	0	0	1	0	0
Bohea Special Tea	0	0	0	0	0	0	0	0	0	0	1	0	0
Boldo Tea	0	0	0	0	0	0	0	0	0	0	1	0	0
Bordeaux	0	0	0	1	0	0	0	0	0	0	0	1	0
Bos Ice Tea	0	0	0	0	0	0	0	0	0	0	1	0	0
Brazilian passion fruit Tea	0	0	0	0	0	0	0	0	0	0	1	0	0
Brut	0	0	0	1	0	0	0	0	0	0	0	1	0
Bu Zhi Chun Tea	0	0	0	0	0	0	0	0	0	0	1	0	0
Buddha's Palm Tea	0	0	0	0	0	0	0	0	0	0	1	0	0
Builder's Tea	0	0	0	0	0	0	0	0	0	0	1	0	0
Burgundy	0	0	0	1	0	0	0	0	0	0	0	1	0
Butter Tea	0	0	0	0	0	0	0	0	0	0	1	0	0
CTC Fine Assam Tea	0	0	0	0	0	0	0	0	0	0	1	0	0
CTC Irish Breakfast Blend Tea	0	0	0	0	0	0	0	0	0	0	1	0	0
Cabernet Sauvignon	0	0	0	1	0	0	0	0	0	0	0	1	0
Cannabis Tea	0	0	0	0	0	0	0	0	0	0	1	0	0
Cape Cod Cranberry Fruit Tea	0	0	0	0	0	0	0	0	0	0	1	0	0
Castleton Estate FTGFOP1 Moonlight Tea	0	0	0	0	0	0	0	0	0	0	1	0	0
Cava	0	0	0	1	0	0	0	0	0	0	0	1	0
Celestial Tribute Tea	0	0	0	0	0	0	0	0	0	0	1	0	0
Certified Organic Peppermint Tea	0	0	0	0	0	0	0	0	0	0	1	0	0
Cerveza	0	0	0	0	0	0	0	0	0	0	0	1	0
Ceylon English Breakfast Tea	0	0	0	0	0	0	0	0	0	0	1	0	0
Ceylon Ruhuna BOP1 Tea	0	0	0	0	0	0	0	0	0	0	1	0	0
Ceylon Select Tea	0	0	0	0	0	0	0	0	0	0	1	0	0
Ceylon Uva OP Organic Tea	0	0	0	0	0	0	0	0	0	0	1	0	0
Cha Premium Organic Tea	0	0	0	0	0	0	0	0	0	0	1	0	0
Chai Decaffeinated Tea	0	0	0	0	0	0	0	0	0	0	1	0	0
Chai Spice Tea	0	0	0	0	0	0	0	0	0	0	1	0	0
Chai Tea	0	0	0	0	0	0	0	0	0	0	1	0	0
Chamillo Blend Tea	0	0	0	0	0	0	0	0	0	0	1	0	0
Chamomile Tea	0	0	0	0	0	0	0	0	0	0	1	0	0
Chamomile With Lemongrass Tea	0	0	0	0	0	0	0	0	0	0	1	0	0
Chamoyada	0	0	0	0	0	0	0	0	0	0	0	0	1
Champagne	0	0	0	1	0	0	0	0	0	0	0	1	0
Champurrado	0	0	0	0	0	0	0	0	0	0	0	0	1
Chamraj Estate FOP Tea	0	0	0	0	0	0	0	0	0	0	1	0	0
Chardonnay	0	0	0	1	0	0	0	0	0	0	0	1	0
Chenin Blanc	0	0	0	1	0	0	0	0	0	0	0	1	0
Chia Fresca	0	0	0	0	0	0	0	0	0	0	0	0	1
Chianti	0	0	0	1	0	0	0	0	0	0	0	1	0
Chianti	0	0	0	1	0	0	0	0	0	0	0	1	0
Chifir Tea	0	0	0	0	0	0	0	0	0	0	1	0	0
China Aged Tea	0	0	0	0	0	0	0	0	0	0	1	0	0
China Black FOP Tea	0	0	0	0	0	0	0	0	0	0	1	0	0
China Black Pearls Tea	0	0	0	0	0	0	0	0	0	0	1	0	0
China Chun Mee Tea	0	0	0	0	0	0	0	0	0	0	1	0	0
China Congou Fannings Organic Tea	0	0	0	0	0	0	0	0	0	0	1	0	0
China Congou Panyang (Panyong) Tea	0	0	0	0	0	0	0	0	0	0	1	0	0
China Congou Tea	0	0	0	0	0	0	0	0	0	0	1	0	0
China Green Decaffeinated Tea	0	0	0	0	0	0	0	0	0	0	1	0	0
China Green Gyokuro Organic Tea	0	0	0	0	0	0	0	0	0	0	1	0	0
China Green Mao Jian 'B' Organic Tea	0	0	0	0	0	0	0	0	0	0	1	0	0
China Green Tea	0	0	0	0	0	0	0	0	0	0	1	0	0
China Jasmine Da Zhang Organic Tea	0	0	0	0	0	0	0	0	0	0	1	0	0
China Jasmine Tea	0	0	0	0	0	0	0	0	0	0	1	0	0
China Keemun First Grade Tea	0	0	0	0	0	0	0	0	0	0	1	0	0
China Keemun Mao Feng Tea	0	0	0	0	0	0	0	0	0	0	1	0	0
China Lychee Tea	0	0	0	0	0	0	0	0	0	0	1	0	0
China Oolong Tea	0	0	0	0	0	0	0	0	0	0	1	0	0
China Panyang Congou Tea	0	0	0	0	0	0	0	0	0	0	1	0	0
China Rose Special Chun Mee Tea	0	0	0	0	0	0	0	0	0	0	1	0	0
China Silver Needle Tea	0	0	0	0	0	0	0	0	0	0	1	0	0
China Special Green Organic Tea	0	0	0	0	0	0	0	0	0	0	1	0	0
China Yunnan Organic Tea	0	0	0	0	0	0	0	0	0	0	1	0	0
China Yunnan Rare Grade Tea	0	0	0	0	0	0	0	0	0	0	1	0	0
Chinese Herb Tea	0	0	0	0	0	0	0	0	0	0	1	0	0
Chinese Ornamental Brick Tea	0	0	0	0	0	0	0	0	0	0	1	0	0
Chinese Sweet Tea	0	0	0	0	0	0	0	0	0	0	1	0	0
Chiran Tea	0	0	0	0	0	0	0	0	0	0	1	0	0
Chocolate Earl Grey Tea	0	0	0	0	0	0	0	0	0	0	1	0	0
Christmas Tea	0	0	0	0	0	0	0	0	0	0	1	0	0
Chrysanthemum Tea	0	0	0	0	0	0	0	0	0	0	1	0	0
Chun Mee Tea	0	0	0	0	0	0	0	0	0	0	1	0	0
Cinnamon Plum Fruit Tea	0	0	0	0	0	0	0	0	0	0	1	0	0
Clamato	0	0	0	0	0	0	0	0	0	0	0	0	1
Cloud Tea	0	0	0	0	0	0	0	0	0	0	1	0	0
Coca Tea	0	0	0	0	0	0	0	0	0	0	1	0	0
Coffee Cherry Tea	0	0	0	0	0	0	0	0	0	0	1	0	0
Coffee Tea	0	0	0	0	0	0	0	0	0	0	1	0	0
Colonche	0	0	0	0	0	0	0	0	0	0	0	1	0
Competition Temomicha Grade A Tea	0	0	0	0	0	0	0	0	0	0	1	0	0
Compressed Tea	0	0	0	0	0	0	0	0	0	0	1	0	0
Congou Tea	0	0	0	0	0	0	0	0	0	0	1	0	0
Constant Comment Tea	0	0	0	0	0	0	0	0	0	0	1	0	0
Crème Caramel Tea	0	0	0	0	0	0	0	0	0	0	1	0	0
Crème Vanilla Tea	0	0	0	0	0	0	0	0	0	0	1	0	0
Cyclopia Tea	0	0	0	0	0	0	0	0	0	0	1	0	0
Dafang Tea	0	0	0	0	0	0	0	0	0	0	1	0	0
Daisajan Estate GFBOP Tea	0	0	0	0	0	0	0	0	0	0	1	0	0
Dandelion Tea	0	0	0	0	0	0	0	0	0	0	1	0	0
Darjeeling FTGFOP Special Blend Tea	0	0	0	0	0	0	0	0	0	0	1	0	0
Darjeeling FTGFOP1 Tea	0	0	0	0	0	0	0	0	0	0	1	0	0
Darjeeling Second Flush BOP Blend Tea	0	0	0	0	0	0	0	0	0	0	1	0	0
Darjeeling Tea	0	0	0	0	0	0	0	0	0	0	1	0	0
Darjeeling-Ceylon Tea	0	0	0	0	0	0	0	0	0	0	1	0	0
Devonshire Earl Grey Tea	0	0	0	0	0	0	0	0	0	0	1	0	0
Dianhong Tea	0	0	0	0	0	0	0	0	0	0	1	0	0
Dikom Estate GTGFOP1 Tea	0	0	0	0	0	0	0	0	0	0	1	0	0
Dikom Estate TGFOP1 Tea	0	0	0	0	0	0	0	0	0	0	1	0	0
Dimbula BOP Tea	0	0	0	0	0	0	0	0	0	0	1	0	0
Dolcetto	0	0	0	1	0	0	0	0	0	0	0	1	0
Dongfang Meiren Tea	0	0	0	0	0	0	0	0	0	0	1	0	0
Doomni Estate GTGBOP Cl. Tea	0	0	0	0	0	0	0	0	0	0	1	0	0
Doomni Estate TGFOP1 Cl. Tea	0	0	0	0	0	0	0	0	0	0	1	0	0
Douro	0	0	0	1	0	0	0	0	0	0	0	1	0
Dragon Phoenix Pearl Tea	0	0	0	0	0	0	0	0	0	0	1	0	0
Dão	0	0	0	1	0	0	0	0	0	0	0	1	0
Earl Grey Green Decaffeinated Tea	0	0	0	0	0	0	0	0	0	0	1	0	0
Earl Grey Supreme Tea	0	0	0	0	0	0	0	0	0	0	1	0	0
Earl Grey Tea	0	0	0	0	0	0	0	0	0	0	1	0	0
Earl Grey with Lavender Tea	0	0	0	0	0	0	0	0	0	0	1	0	0
East Frisian BOP Tea	0	0	0	0	0	0	0	0	0	0	1	0	0
East Frisian TGFOP Tea	0	0	0	0	0	0	0	0	0	0	1	0	0
East Frisian Tea	0	0	0	0	0	0	0	0	0	0	1	0	0
Eastern Beauty Oolong Tea	0	0	0	0	0	0	0	0	0	0	1	0	0
Egyptian Chamomile Tea	0	0	0	0	0	0	0	0	0	0	1	0	0
English Breakfast Tea	0	0	0	0	0	0	0	0	0	0	1	0	0
Essiac Tea	0	0	0	0	0	0	0	0	0	0	1	0	0
Extra Bergamot English Earl Grey Tea	0	0	0	0	0	0	0	0	0	0	1	0	0
FBOPF Ex. Sp. Tea	0	0	0	0	0	0	0	0	0	0	1	0	0
Feng Huang Dan Cong Supreme Tea	0	0	0	0	0	0	0	0	0	0	1	0	0
Fermented Tea	0	0	0	0	0	0	0	0	0	0	1	0	0
Finest Earl Grey Tea	0	0	0	0	0	0	0	0	0	0	1	0	0
Finest Russian Caravan Tea	0	0	0	0	0	0	0	0	0	0	1	0	0
First Grade Gunpowder Green Tea	0	0	0	0	0	0	0	0	0	0	1	0	0
Flavored Tea	0	0	0	0	0	0	0	0	0	0	1	0	0
Floral Huang Jin Gui Oolong Tea	0	0	0	0	0	0	0	0	0	0	1	0	0
Flowering Tea	0	0	0	0	0	0	0	0	0	0	1	0	0
Fo Shou Tea	0	0	0	0	0	0	0	0	0	0	1	0	0
Formosa GABA Oolong Tea	0	0	0	0	0	0	0	0	0	0	1	0	0
Formosa Keemun Tea	0	0	0	0	0	0	0	0	0	0	1	0	0
Formosa Lapsang Souchong Tea	0	0	0	0	0	0	0	0	0	0	1	0	0
Formosa Oolong Choicest Tea	0	0	0	0	0	0	0	0	0	0	1	0	0
Formosa Oolong Tea	0	0	0	0	0	0	0	0	0	0	1	0	0
Formosa Pouchong Tea	0	0	0	0	0	0	0	0	0	0	1	0	0
Foucha Imperial Organic Tea	0	0	0	0	0	0	0	0	0	0	1	0	0
Frances Bissell's Special Blend Tea	0	0	0	0	0	0	0	0	0	0	1	0	0
Fuding White Cake Tea	0	0	0	0	0	0	0	0	0	0	1	0	0
Fujian Green Needle Tea	0	0	0	0	0	0	0	0	0	0	1	0	0
Ganesh Green Assam Tea	0	0	0	0	0	0	0	0	0	0	1	0	0
Gaoshan Tea	0	0	0	0	0	0	0	0	0	0	1	0	0
Genmaicha Tea	0	0	0	0	0	0	0	0	0	0	1	0	0
Gewürztraminer	0	0	0	1	0	0	0	0	0	0	0	1	0
Ghillidary Estate TGFOP Tea	0	0	0	0	0	0	0	0	0	0	1	0	0
Golden Monkey Tea	0	0	0	0	0	0	0	0	0	0	1	0	0
Golden Nepal Tea	0	0	0	0	0	0	0	0	0	0	1	0	0
Goomtee Estate FTGFOP1 First Flush Tea	0	0	0	0	0	0	0	0	0	0	1	0	0
Green Extract Tea	0	0	0	0	0	0	0	0	0	0	1	0	0
Green Fannings Organic Tea	0	0	0	0	0	0	0	0	0	0	1	0	0
Green Honeybush Organic Tea	0	0	0	0	0	0	0	0	0	0	1	0	0
Green Ice Cream Tea	0	0	0	0	0	0	0	0	0	0	1	0	0
Green Red Ginseng Tea	0	0	0	0	0	0	0	0	0	0	1	0	0
Green Rooibos Tea	0	0	0	0	0	0	0	0	0	0	1	0	0
Green Tamacha Tea	0	0	0	0	0	0	0	0	0	0	1	0	0
Green Tea	0	0	0	0	0	0	0	0	0	0	1	0	0
Green Yerba Maté Tea	0	0	0	0	0	0	0	0	0	0	1	0	0
Gu Zhang Mao Jian Tea	0	0	0	0	0	0	0	0	0	0	1	0	0
Guayakí Tea	0	0	0	0	0	0	0	0	0	0	1	0	0
Gugija Cha Tea	0	0	0	0	0	0	0	0	0	0	1	0	0
Gunpowder Green Peppermint Tea	0	0	0	0	0	0	0	0	0	0	1	0	0
Gunpowder Green Tea	0	0	0	0	0	0	0	0	0	0	1	0	0
Gunpowder Tea	0	0	0	0	0	0	0	0	0	0	1	0	0
Gynostemma Pentaphyllum Tea	0	0	0	0	0	0	0	0	0	0	1	0	0
Gyokuro (lit. Jewel Dew) Tea	0	0	0	0	0	0	0	0	0	0	1	0	0
Gyokuro Tea	0	0	0	0	0	0	0	0	0	0	1	0	0
Halmari Estate CTC BOP Tea	0	0	0	0	0	0	0	0	0	0	1	0	0
Halmari Estate GFOP Cl. Tea	0	0	0	0	0	0	0	0	0	0	1	0	0
Halmari Estate GTGFOP1 Cl. Tea	0	0	0	0	0	0	0	0	0	0	1	0	0
Halmari Estate TGFBOP1 Tea	0	0	0	0	0	0	0	0	0	0	1	0	0
Halmari Estate TGFOP Cl. Tea	0	0	0	0	0	0	0	0	0	0	1	0	0
Halmari Estate TGFOP Tea	0	0	0	0	0	0	0	0	0	0	1	0	0
Halmari Estate TGFOP1 Tea	0	0	0	0	0	0	0	0	0	0	1	0	0
Harishpur Estate TGFBOP Tea	0	0	0	0	0	0	0	0	0	0	1	0	0
Harmutty Estate GFBOP Tea	0	0	0	0	0	0	0	0	0	0	1	0	0
Harmutty Estate TGFOP Tea	0	0	0	0	0	0	0	0	0	0	1	0	0
Hearthside Chai Tea	0	0	0	0	0	0	0	0	0	0	1	0	0
Heavy-Baked Tea	0	0	0	0	0	0	0	0	0	0	1	0	0
Heirloom Flowers Organic Tea	0	0	0	0	0	0	0	0	0	0	1	0	0
Heirloom Yunnan Yellow Buds Tea	0	0	0	0	0	0	0	0	0	0	1	0	0
Herbal Tea	0	0	0	0	0	0	0	0	0	0	1	0	0
Herbs and Berries Tea	0	0	0	0	0	0	0	0	0	0	1	0	0
Heritage Assam Green Spl. Tea	0	0	0	0	0	0	0	0	0	0	1	0	0
Hibiscus Flowers Coarse Cut Tea	0	0	0	0	0	0	0	0	0	0	1	0	0
Hibiscus Tea	0	0	0	0	0	0	0	0	0	0	1	0	0
Hojicha Tea	0	0	0	0	0	0	0	0	0	0	1	0	0
Holy Basil Green Leaf Organic Tea	0	0	0	0	0	0	0	0	0	0	1	0	0
Holy Basil Purple Leaf Organic Tea	0	0	0	0	0	0	0	0	0	0	1	0	0
Holy Basil Tea	0	0	0	0	0	0	0	0	0	0	1	0	0
Honey Tea	0	0	0	0	0	0	0	0	0	0	1	0	0
Hong Kong-style Milk Tea	0	0	0	0	0	0	0	0	0	0	1	0	0
Hong Tao Keemun Tea	0	0	0	0	0	0	0	0	0	0	1	0	0
Hua Shan Huang Ya Yellow Buds Tea	0	0	0	0	0	0	0	0	0	0	1	0	0
Huang Guanyin Tea	0	0	0	0	0	0	0	0	0	0	1	0	0
Huang Jin Gui Oolong Tea	0	0	0	0	0	0	0	0	0	0	1	0	0
Huang Meigui Tea	0	0	0	0	0	0	0	0	0	0	1	0	0
Huang Shan Mao Feng Tea	0	0	0	0	0	0	0	0	0	0	1	0	0
Huang Shan Sunset Tea	0	0	0	0	0	0	0	0	0	0	1	0	0
Huang Ya Imperial Yellow Tea	0	0	0	0	0	0	0	0	0	0	1	0	0
Huangjin Gui Tea	0	0	0	0	0	0	0	0	0	0	1	0	0
Huangshan Maofeng Tea	0	0	0	0	0	0	0	0	0	0	1	0	0
Hubei Province Keemun Tea	0	0	0	0	0	0	0	0	0	0	1	0	0
Hunan Mao Feng Tea	0	0	0	0	0	0	0	0	0	0	1	0	0
Huoshan Huangya Tea	0	0	0	0	0	0	0	0	0	0	1	0	0
Hyson Tea	0	0	0	0	0	0	0	0	0	0	1	0	0
Iced Blend Tea	0	0	0	0	0	0	0	0	0	0	1	0	0
Iced Tea	0	0	0	0	0	0	0	0	0	0	1	0	0
Ilex Guayusa Tea	0	0	0	0	0	0	0	0	0	0	1	0	0
Ilex Kaushue Tea	0	0	0	0	0	0	0	0	0	0	1	0	0
Imperial Tea	0	0	0	0	0	0	0	0	0	0	1	0	0
Indonesian Black Tea	0	0	0	0	0	0	0	0	0	0	1	0	0
Introduction to Fine Tea	0	0	0	0	0	0	0	0	0	0	1	0	0
Introduction to Oolongs Tea	0	0	0	0	0	0	0	0	0	0	1	0	0
Irish Breakfast Tea	0	0	0	0	0	0	0	0	0	0	1	0	0
Iyerpadi Estate BOP Tea	0	0	0	0	0	0	0	0	0	0	1	0	0
Iyerpadi Estate OP Tea	0	0	0	0	0	0	0	0	0	0	1	0	0
Jade Cloud Mist Tea	0	0	0	0	0	0	0	0	0	0	1	0	0
Jade Oolong Tea	0	0	0	0	0	0	0	0	0	0	1	0	0
Jagertee Tea	0	0	0	0	0	0	0	0	0	0	1	0	0
Japanese Cherry Tea	0	0	0	0	0	0	0	0	0	0	1	0	0
Japanese Green GABA (Gabaron) Tea	0	0	0	0	0	0	0	0	0	0	1	0	0
Japanese Matcha Tea	0	0	0	0	0	0	0	0	0	0	1	0	0
Japanese Oolong Organic Tea	0	0	0	0	0	0	0	0	0	0	1	0	0
Japanese Sencha Special Grade Tea	0	0	0	0	0	0	0	0	0	0	1	0	0
Jasmine Fairy Maiden Tea	0	0	0	0	0	0	0	0	0	0	1	0	0
Jasmine Imperial Tea	0	0	0	0	0	0	0	0	0	0	1	0	0
Jasmine Oolong Tea	0	0	0	0	0	0	0	0	0	0	1	0	0
Jasmine Silver Needles Tea	0	0	0	0	0	0	0	0	0	0	1	0	0
Jasmine Tea	0	0	0	0	0	0	0	0	0	0	1	0	0
Java Blend Tea	0	0	0	0	0	0	0	0	0	0	1	0	0
Java Dewata Estate Silver Tips Tea	0	0	0	0	0	0	0	0	0	0	1	0	0
Java Malabar Estate OPS Tea	0	0	0	0	0	0	0	0	0	0	1	0	0
Jin Fo Tea	0	0	0	0	0	0	0	0	0	0	1	0	0
Jin Jun Mei Tea	0	0	0	0	0	0	0	0	0	0	1	0	0
Jin Suo Chi Tea	0	0	0	0	0	0	0	0	0	0	1	0	0
Jin Xuan Tea	0	0	0	0	0	0	0	0	0	0	1	0	0
Jun Chiyabari Estate Green HP1 Tea	0	0	0	0	0	0	0	0	0	0	1	0	0
Jun Chiyabari Estate HRHT Organic Tea	0	0	0	0	0	0	0	0	0	0	1	0	0
Junshan Yinzhen Tea	0	0	0	0	0	0	0	0	0	0	1	0	0
Jurançon	0	0	0	1	0	0	0	0	0	0	0	1	0
Jūrokucha Tea	0	0	0	0	0	0	0	0	0	0	1	0	0
Kabusecha Tea	0	0	0	0	0	0	0	0	0	0	1	0	0
Kagoshima Green Tea	0	0	0	0	0	0	0	0	0	0	1	0	0
Kagoshima Kabuse Sencha Tea	0	0	0	0	0	0	0	0	0	0	1	0	0
Kahwah Tea	0	0	0	0	0	0	0	0	0	0	1	0	0
Kakegawa Matcha Organic Tea	0	0	0	0	0	0	0	0	0	0	1	0	0
Kakkonto Tea	0	0	0	0	0	0	0	0	0	0	1	0	0
Kamairicha Tea	0	0	0	0	0	0	0	0	0	0	1	0	0
Kandy BOP Ceylon Tea	0	0	0	0	0	0	0	0	0	0	1	0	0
Kandy BOP Tea	0	0	0	0	0	0	0	0	0	0	1	0	0
Kanyam Estate SFTGFOP1 Tea	0	0	0	0	0	0	0	0	0	0	1	0	0
Karha Tea	0	0	0	0	0	0	0	0	0	0	1	0	0
Keemun Mao Feng Imperial Tea	0	0	0	0	0	0	0	0	0	0	1	0	0
Keemun Mao Feng Tea	0	0	0	0	0	0	0	0	0	0	1	0	0
Keemun Mao Feng Xiang Luo Tea	0	0	0	0	0	0	0	0	0	0	1	0	0
Keemun Tea	0	0	0	0	0	0	0	0	0	0	1	0	0
Keemun Xiang Luo Tea	0	0	0	0	0	0	0	0	0	0	1	0	0
Kenilworth Estate OP Tea	0	0	0	0	0	0	0	0	0	0	1	0	0
Kenilworth Estate OP1 Tea	0	0	0	0	0	0	0	0	0	0	1	0	0
Kenilworth Estate Pekoe Tea	0	0	0	0	0	0	0	0	0	0	1	0	0
Kensington Breakfast Blend Tea	0	0	0	0	0	0	0	0	0	0	1	0	0
Khima Full Moon Delight Tea	0	0	0	0	0	0	0	0	0	0	1	0	0
Kibena Estate Tanzania BP1 Tea	0	0	0	0	0	0	0	0	0	0	1	0	0
Kombucha Tea	0	0	0	0	0	0	0	0	0	0	1	0	0
Konacha Tea	0	0	0	0	0	0	0	0	0	0	1	0	0
Korean Green Sejak Organic Tea	0	0	0	0	0	0	0	0	0	0	1	0	0
Kuding Tea	0	0	0	0	0	0	0	0	0	0	1	0	0
Kukicha Tea	0	0	0	0	0	0	0	0	0	0	1	0	0
Kuzuyu Tea	0	0	0	0	0	0	0	0	0	0	1	0	0
Kyo Bancha Organic Tea	0	0	0	0	0	0	0	0	0	0	1	0	0
Labrador Tea	0	0	0	0	0	0	0	0	0	0	1	0	0
Lady Grey Tea	0	0	0	0	0	0	0	0	0	0	1	0	0
Lahpet Tea	0	0	0	0	0	0	0	0	0	0	1	0	0
Languedoc	0	0	0	1	0	0	0	0	0	0	0	1	0
Lapacho Tea	0	0	0	0	0	0	0	0	0	0	1	0	0
Lapsang Souchong Tea	0	0	0	0	0	0	0	0	0	0	1	0	0
Lechuguilla	0	0	0	0	0	0	0	0	0	0	0	0	1
Lei Cha Tea	0	0	0	0	0	0	0	0	0	0	1	0	0
Lemon Grass Coarse Cut Tea	0	0	0	0	0	0	0	0	0	0	1	0	0
Lemon Rooibos Tea	0	0	0	0	0	0	0	0	0	0	1	0	0
Lemon Verbena Tea	0	0	0	0	0	0	0	0	0	0	1	0	0
Lemon With Ginger Tea	0	0	0	0	0	0	0	0	0	0	1	0	0
Loire	0	0	0	1	0	0	0	0	0	0	0	1	0
Longjing Tea	0	0	0	0	0	0	0	0	0	0	1	0	0
Lover's Leap Estate Pekoe 1 Tea	0	0	0	0	0	0	0	0	0	0	1	0	0
Lu'an Melon Seed Tea	0	0	0	0	0	0	0	0	0	0	1	0	0
Lukwah Estate TGFBOP Spl. Tea	0	0	0	0	0	0	0	0	0	0	1	0	0
Lumbini Estate FBOPF Ex. Sp. Tea	0	0	0	0	0	0	0	0	0	0	1	0	0
Lumbini Estate FBOPF Ex. Spl. Tea	0	0	0	0	0	0	0	0	0	0	1	0	0
Lung Jing Te Ji Tea	0	0	0	0	0	0	0	0	0	0	1	0	0
Lung-Ching Tea	0	0	0	0	0	0	0	0	0	0	1	0	0
Mackeypore Estate White Tips Tea	0	0	0	0	0	0	0	0	0	0	1	0	0
Madeira	0	0	0	1	0	0	0	0	0	0	0	1	0
Maghrebi Mint Tea	0	0	0	0	0	0	0	0	0	0	1	0	0
Magnolia Blossom Tea	0	0	0	0	0	0	0	0	0	0	1	0	0
Malabar Estate Java OP Clonal Tea	0	0	0	0	0	0	0	0	0	0	1	0	0
Malbec	0	0	0	1	0	0	0	0	0	0	0	1	0
Mangalam Estate FTGFOP1 Cl. Tea	0	0	0	0	0	0	0	0	0	0	1	0	0
Mango Indica Tea	0	0	0	0	0	0	0	0	0	0	1	0	0
Mangonada	0	0	0	0	0	0	0	0	0	0	0	0	1
Maojian Tea	0	0	0	0	0	0	0	0	0	0	1	0	0
Maracuja/Orange Fruit Tea	0	0	0	0	0	0	0	0	0	0	1	0	0
Marsala	0	0	0	1	0	0	0	0	0	0	0	1	0
Masala Chai Tea	0	0	0	0	0	0	0	0	0	0	1	0	0
Matcha Bowl Tea	0	0	0	0	0	0	0	0	0	0	1	0	0
Matcha Scoop Tea	0	0	0	0	0	0	0	0	0	0	1	0	0
Matcha Tea	0	0	0	0	0	0	0	0	0	0	1	0	0
Matcha Whisk Tea	0	0	0	0	0	0	0	0	0	0	1	0	0
Mate Cocido Tea	0	0	0	0	0	0	0	0	0	0	1	0	0
Mate Tea	0	0	0	0	0	0	0	0	0	0	1	0	0
Matricaria Chamomilla Tea	0	0	0	0	0	0	0	0	0	0	1	0	0
Mecha Tea	0	0	0	0	0	0	0	0	0	0	1	0	0
Meng Ding Huang Ya Tea	0	0	0	0	0	0	0	0	0	0	1	0	0
Mengding Ganlu Tea	0	0	0	0	0	0	0	0	0	0	1	0	0
Meritage	0	0	0	1	0	0	0	0	0	0	0	1	0
Merlot	0	0	0	1	0	0	0	0	0	0	0	1	0
Mezcal	0	0	0	0	0	0	0	0	0	0	0	1	0
Michelada	0	0	0	0	0	0	0	0	0	0	0	1	0
Micromeria Chionistrae Tea	0	0	0	0	0	0	0	0	0	0	1	0	0
Micromeria Douglasii Tea	0	0	0	0	0	0	0	0	0	0	1	0	0
Midsummer Dream Tea	0	0	0	0	0	0	0	0	0	0	1	0	0
Milima Estate Kenya GFOP Tea	0	0	0	0	0	0	0	0	0	0	1	0	0
Milima Estate Kenya OP Tea	0	0	0	0	0	0	0	0	0	0	1	0	0
Mincing Lane Breakfast Blend Tea	0	0	0	0	0	0	0	0	0	0	1	0	0
Misty Mao Feng Tea	0	0	0	0	0	0	0	0	0	0	1	0	0
Mokalbari East Estate GFBOP Tea	0	0	0	0	0	0	0	0	0	0	1	0	0
Monk's Blend Tea	0	0	0	0	0	0	0	0	0	0	1	0	0
Moon Palace Tea	0	0	0	0	0	0	0	0	0	0	1	0	0
Moonlight White Tea	0	0	0	0	0	0	0	0	0	0	1	0	0
Moroccan Green Mint Tea	0	0	0	0	0	0	0	0	0	0	1	0	0
Moscato	0	0	0	1	0	0	0	0	0	0	0	1	0
Moscato spumante	0	0	0	1	0	0	0	0	0	0	0	1	0
Mushroom Tea	0	0	0	0	0	0	0	0	0	0	1	0	0
Mélange Noël Tea	0	0	0	0	0	0	0	0	0	0	1	0	0
Mélange de Chamonix Tea	0	0	0	0	0	0	0	0	0	0	1	0	0
Nahorhabi Estate FTGFOP1 Cl. Tea	0	0	0	0	0	0	0	0	0	0	1	0	0
Namring Estate FTGFOP1 First Flush Tea	0	0	0	0	0	0	0	0	0	0	1	0	0
Natural Bergamot Earl Grey Tea	0	0	0	0	0	0	0	0	0	0	1	0	0
Nepali Tea	0	0	0	0	0	0	0	0	0	0	1	0	0
New England Harvest Tea	0	0	0	0	0	0	0	0	0	0	1	0	0
New Vithanakande FBOPF Ex. Spl. Tea	0	0	0	0	0	0	0	0	0	0	1	0	0
Nilgiri Broken Orange Pekoe Tea	0	0	0	0	0	0	0	0	0	0	1	0	0
Nilgiri Tea	0	0	0	0	0	0	0	0	0	0	1	0	0
Noon Chai Tea	0	0	0	0	0	0	0	0	0	0	1	0	0
North Tukvar Estate SFTGFOP Tea	0	0	0	0	0	0	0	0	0	0	1	0	0
Nuo Mi Ziang Tea	0	0	0	0	0	0	0	0	0	0	1	0	0
Nuwara Eliya BOP Tea	0	0	0	0	0	0	0	0	0	0	1	0	0
Oksusucha Tea	0	0	0	0	0	0	0	0	0	0	1	0	0
Old South Meeting House Tea	0	0	0	0	0	0	0	0	0	0	1	0	0
Oolong Fannings Organic Tea	0	0	0	0	0	0	0	0	0	0	1	0	0
Oolong Standard Grade Tea	0	0	0	0	0	0	0	0	0	0	1	0	0
Oolong Tea	0	0	0	0	0	0	0	0	0	0	1	0	0
Orange Spice Imperial Tea	0	0	0	0	0	0	0	0	0	0	1	0	0
Orchid Oolong Tea	0	0	0	0	0	0	0	0	0	0	1	0	0
Organic Australian Lemon Myrtle Tea	0	0	0	0	0	0	0	0	0	0	1	0	0
Organic Black Benifuki Tea	0	0	0	0	0	0	0	0	0	0	1	0	0
Organic China Green Sencha Tea	0	0	0	0	0	0	0	0	0	0	1	0	0
Organic China Pai Mu Tan Tea	0	0	0	0	0	0	0	0	0	0	1	0	0
Organic China Sencha Tea	0	0	0	0	0	0	0	0	0	0	1	0	0
Organic China Tea	0	0	0	0	0	0	0	0	0	0	1	0	0
Organic English Breakfast Tea	0	0	0	0	0	0	0	0	0	0	1	0	0
Organic Ginger Root Tea	0	0	0	0	0	0	0	0	0	0	1	0	0
Organic Green Ceylon OP Tea	0	0	0	0	0	0	0	0	0	0	1	0	0
Organic Green OP Tea	0	0	0	0	0	0	0	0	0	0	1	0	0
Organic Gunpowder Tea	0	0	0	0	0	0	0	0	0	0	1	0	0
Organic Gyokuro Tea	0	0	0	0	0	0	0	0	0	0	1	0	0
Organic Hunan Black Mao Feng Tea	0	0	0	0	0	0	0	0	0	0	1	0	0
Organic Jasmine Mao Feng Tea	0	0	0	0	0	0	0	0	0	0	1	0	0
Organic Jasmine Tea	0	0	0	0	0	0	0	0	0	0	1	0	0
Organic KUKI Cha GREEN Tea	0	0	0	0	0	0	0	0	0	0	1	0	0
Organic Leaf Tea	0	0	0	0	0	0	0	0	0	0	1	0	0
Organic Rooibos Tea	0	0	0	0	0	0	0	0	0	0	1	0	0
Organic Saiqing Tea	0	0	0	0	0	0	0	0	0	0	1	0	0
Organic Spearmint Tea	0	0	0	0	0	0	0	0	0	0	1	0	0
Organic Tamaryokucha Tea	0	0	0	0	0	0	0	0	0	0	1	0	0
Organic Young Hyson Imperial Tea	0	0	0	0	0	0	0	0	0	0	1	0	0
Original Earl Grey Tea	0	0	0	0	0	0	0	0	0	0	1	0	0
Orthodox BOP Darjeeling Tea	0	0	0	0	0	0	0	0	0	0	1	0	0
Osmanthus Oolong Tea	0	0	0	0	0	0	0	0	0	0	1	0	0
Pai Mu Tan Select Tea	0	0	0	0	0	0	0	0	0	0	1	0	0
Pai Mu Tan Special Grade Organic Tea	0	0	0	0	0	0	0	0	0	0	1	0	0
Pan Long Yin Hao Tea	0	0	0	0	0	0	0	0	0	0	1	0	0
Panyang Congou Classic Tea	0	0	0	0	0	0	0	0	0	0	1	0	0
Panyang Congou Select Tea	0	0	0	0	0	0	0	0	0	0	1	0	0
Panyang Congou Supreme Tea	0	0	0	0	0	0	0	0	0	0	1	0	0
Panyang Golden Tribute Tea	0	0	0	0	0	0	0	0	0	0	1	0	0
Panyang Tippy Mao Feng Tea	0	0	0	0	0	0	0	0	0	0	1	0	0
Peace Iced Tea	0	0	0	0	0	0	0	0	0	0	1	0	0
Peace Tea	0	0	0	0	0	0	0	0	0	0	1	0	0
Peach Flavoreds Tea	0	0	0	0	0	0	0	0	0	0	1	0	0
Peach Melba Fruit Tea	0	0	0	0	0	0	0	0	0	0	1	0	0
Peppermint Tea	0	0	0	0	0	0	0	0	0	0	1	0	0
Pi Lo Chun Imperial Tea	0	0	0	0	0	0	0	0	0	0	1	0	0
Pi Lo Chun Tea	0	0	0	0	0	0	0	0	0	0	1	0	0
Pinhead Gunpowder Tea	0	0	0	0	0	0	0	0	0	0	1	0	0
Pinot Grigio	0	0	0	1	0	0	0	0	0	0	0	1	0
Pinot Gris	0	0	0	1	0	0	0	0	0	0	0	1	0
Pinot Noir	0	0	0	1	0	0	0	0	0	0	0	1	0
Poire Crème Tea	0	0	0	0	0	0	0	0	0	0	1	0	0
Pomegranate Magnolia White Tea	0	0	0	0	0	0	0	0	0	0	1	0	0
Port	0	0	0	1	0	0	0	0	0	0	0	1	0
Pouchong Tea	0	0	0	0	0	0	0	0	0	0	1	0	0
Pozol	0	0	0	0	0	0	0	0	0	0	0	0	1
Pre-Chingming Tea	0	0	0	0	0	0	0	0	0	0	1	0	0
Premium China Keemun Tea	0	0	0	0	0	0	0	0	0	0	1	0	0
Pu-erh Tea	0	0	0	0	0	0	0	0	0	0	1	0	0
Pópo	0	0	0	0	0	0	0	0	0	0	0	0	1
Qilan Tea	0	0	0	0	0	0	0	0	0	0	1	0	0
Qing Zi You Yun (Lan Xiang) Tea	0	0	0	0	0	0	0	0	0	0	1	0	0
Qishr Tea	0	0	0	0	0	0	0	0	0	0	1	0	0
Raspberry Fruit Tea	0	0	0	0	0	0	0	0	0	0	1	0	0
Red Groats Tea	0	0	0	0	0	0	0	0	0	0	1	0	0
Rhododendron Tea	0	0	0	0	0	0	0	0	0	0	1	0	0
Rhône	0	0	0	1	0	0	0	0	0	0	0	1	0
Rias Baixas	0	0	0	1	0	0	0	0	0	0	0	1	0
Richmond Park Blend Tea	0	0	0	0	0	0	0	0	0	0	1	0	0
Riesling	0	0	0	1	0	0	0	0	0	0	0	1	0
Rioja	0	0	0	1	0	0	0	0	0	0	0	1	0
Rioja	0	0	0	1	0	0	0	0	0	0	0	1	0
River Shannon Breakfast Blend Tea	0	0	0	0	0	0	0	0	0	0	1	0	0
Rize Tea	0	0	0	0	0	0	0	0	0	0	1	0	0
Roasted Barley Tea	0	0	0	0	0	0	0	0	0	0	1	0	0
Roasted Oolong Tea	0	0	0	0	0	0	0	0	0	0	1	0	0
Roasted Yerba Maté Tea	0	0	0	0	0	0	0	0	0	0	1	0	0
Rooibos Apple Cider Tea	0	0	0	0	0	0	0	0	0	0	1	0	0
Rooibos Candied Almond Tea	0	0	0	0	0	0	0	0	0	0	1	0	0
Rooibos Tea	0	0	0	0	0	0	0	0	0	0	1	0	0
Rooibos Vanilla Tea	0	0	0	0	0	0	0	0	0	0	1	0	0
Rose Congou Tea	0	0	0	0	0	0	0	0	0	0	1	0	0
Rose Hip Tea	0	0	0	0	0	0	0	0	0	0	1	0	0
Rose Hips Tea	0	0	0	0	0	0	0	0	0	0	1	0	0
Roselle Tea	0	0	0	0	0	0	0	0	0	0	1	0	0
Rosso di Montalcino	0	0	0	1	0	0	0	0	0	0	0	1	0
Rougui Tea	0	0	0	0	0	0	0	0	0	0	1	0	0
Ruanzhi Tea	0	0	0	0	0	0	0	0	0	0	1	0	0
Russian Caravan Tea	0	0	0	0	0	0	0	0	0	0	1	0	0
Sacher Blend Tea	0	0	0	0	0	0	0	0	0	0	1	0	0
Sakurayu Tea	0	0	0	0	0	0	0	0	0	0	1	0	0
Sancerre	0	0	0	1	0	0	0	0	0	0	0	1	0
Satispur Estate TGFBOP Spl. Tea	0	0	0	0	0	0	0	0	0	0	1	0	0
Sauternes	0	0	0	1	0	0	0	0	0	0	0	1	0
Sauvignon Blanc	0	0	0	1	0	0	0	0	0	0	0	1	0
Sayama Tea	0	0	0	0	0	0	0	0	0	0	1	0	0
Scottish Breakfast Blend Tea	0	0	0	0	0	0	0	0	0	0	1	0	0
Se Chung Oolong Classic Tea	0	0	0	0	0	0	0	0	0	0	1	0	0
Season's Pick Keemun Tea	0	0	0	0	0	0	0	0	0	0	1	0	0
Season's Pick Young Hyson Tea	0	0	0	0	0	0	0	0	0	0	1	0	0
Semillon	0	0	0	1	0	0	0	0	0	0	0	1	0
Sencha Tea	0	0	0	0	0	0	0	0	0	0	1	0	0
Sencha Tokujyo Ohashiri Tea	0	0	0	0	0	0	0	0	0	0	1	0	0
Shai Zhen Zhu Shou Mei White Pearls Tea	0	0	0	0	0	0	0	0	0	0	1	0	0
Shai Zhen Zhu Silver Needle Pearl White Tea	0	0	0	0	0	0	0	0	0	0	1	0	0
Shincha Tea	0	0	0	0	0	0	0	0	0	0	1	0	0
Shiraz	0	0	0	1	0	0	0	0	0	0	0	1	0
Shou Mei Classic Tea	0	0	0	0	0	0	0	0	0	0	1	0	0
Shoumei Tea	0	0	0	0	0	0	0	0	0	0	1	0	0
Shui Hsien Tea	0	0	0	0	0	0	0	0	0	0	1	0	0
Shui Jin Gui Tea	0	0	0	0	0	0	0	0	0	0	1	0	0
Si Da Ming Cong Tea	0	0	0	0	0	0	0	0	0	0	1	0	0
Sichuan Zao Bei Jian Tea	0	0	0	0	0	0	0	0	0	0	1	0	0
Sideritis Tea	0	0	0	0	0	0	0	0	0	0	1	0	0
Singbulli Estate FOP Exclusive Tea	0	0	0	0	0	0	0	0	0	0	1	0	0
Sotol	0	0	0	0	0	0	0	0	0	0	0	1	0
Spearmint Tea	0	0	0	0	0	0	0	0	0	0	1	0	0
Special Grade Jasmine Tea	0	0	0	0	0	0	0	0	0	0	1	0	0
Spring Dragon Tea	0	0	0	0	0	0	0	0	0	0	1	0	0
St. Isaac's Blend Tea	0	0	0	0	0	0	0	0	0	0	1	0	0
St. James Estate BOP Tea	0	0	0	0	0	0	0	0	0	0	1	0	0
Sticky Rice Tea	0	0	0	0	0	0	0	0	0	0	1	0	0
Strathdon Estate CTC BP1 Tea	0	0	0	0	0	0	0	0	0	0	1	0	0
Strawberry Cream Fruit Tea	0	0	0	0	0	0	0	0	0	0	1	0	0
Strawberry/Kiwi Fruit Tea	0	0	0	0	0	0	0	0	0	0	1	0	0
Sumatra BOP Tea	0	0	0	0	0	0	0	0	0	0	1	0	0
Summer Blend Tea	0	0	0	0	0	0	0	0	0	0	1	0	0
Sungnyung Tea	0	0	0	0	0	0	0	0	0	0	1	0	0
Super Grade Tea	0	0	0	0	0	0	0	0	0	0	1	0	0
Superfine Keemun Tea	0	0	0	0	0	0	0	0	0	0	1	0	0
Superior Grade Tea	0	0	0	0	0	0	0	0	0	0	1	0	0
Suutei Tsai Tea	0	0	0	0	0	0	0	0	0	0	1	0	0
Sweet Almond Green Tea	0	0	0	0	0	0	0	0	0	0	1	0	0
Sweet Honey Black Tea	0	0	0	0	0	0	0	0	0	0	1	0	0
Sweet Orange Tea	0	0	0	0	0	0	0	0	0	0	1	0	0
Sweet Tea	0	0	0	0	0	0	0	0	0	0	1	0	0
Syrah	0	0	0	1	0	0	0	0	0	0	0	1	0
Söder Tea	0	0	0	0	0	0	0	0	0	0	1	0	0
Tagetes Lucida Tea	0	0	0	0	0	0	0	0	0	0	1	0	0
Tai Ping Hou Kui Tea	0	0	0	0	0	0	0	0	0	0	1	0	0
Taiping Houkui Tea	0	0	0	0	0	0	0	0	0	0	1	0	0
Tamaryokucha Tea	0	0	0	0	0	0	0	0	0	0	1	0	0
Tea Bank Estate FBOPF Ex. Sp. Tea	0	0	0	0	0	0	0	0	0	0	1	0	0
Tea Bank FBOPF Ex. Sp. Tea	0	0	0	0	0	0	0	0	0	0	1	0	0
Tejate	0	0	0	0	0	0	0	0	0	0	0	0	1
Tejuino	0	0	0	0	0	0	0	0	0	0	0	1	0
Tennessee whiskey	0	0	0	0	0	0	0	0	0	0	0	1	0
Tepache	0	0	0	0	0	0	0	0	0	0	0	1	0
Tereré Tea	0	0	0	0	0	0	0	0	0	0	1	0	0
Thai Tea	0	0	0	0	0	0	0	0	0	0	1	0	0
Thurbo Estate FTGFOP1 Moonlight Tea	0	0	0	0	0	0	0	0	0	0	1	0	0
Tibeti Tea	0	0	0	0	0	0	0	0	0	0	1	0	0
Tie-Guan-Yin Tea	0	0	0	0	0	0	0	0	0	0	1	0	0
Tieguanyin Tea	0	0	0	0	0	0	0	0	0	0	1	0	0
Tieluohan Tea	0	0	0	0	0	0	0	0	0	0	1	0	0
Tindharia FTGFOP1 First Flush Tea	0	0	0	0	0	0	0	0	0	0	1	0	0
Tippy Orthodox FBOP Assam Tea	0	0	0	0	0	0	0	0	0	0	1	0	0
Tippy Orthodox GBOP Assam Tea	0	0	0	0	0	0	0	0	0	0	1	0	0
Tippy Orthodox GFOP Assam Tea	0	0	0	0	0	0	0	0	0	0	1	0	0
Toro	0	0	0	1	0	0	0	0	0	0	0	1	0
Traditional Masala Chai Tea	0	0	0	0	0	0	0	0	0	0	1	0	0
Tropical Chai Spice Tea	0	0	0	0	0	0	0	0	0	0	1	0	0
Tsheringma Tea	0	0	0	0	0	0	0	0	0	0	1	0	0
Tubâ	0	0	0	0	0	0	0	0	0	0	0	0	1
Tulsi Tea	0	0	0	0	0	0	0	0	0	0	1	0	0
Tung-ting Tea	0	0	0	0	0	0	0	0	0	0	1	0	0
Tuo Cha Organic Tea	0	0	0	0	0	0	0	0	0	0	1	0	0
Tuo Cha Size 1 Tea	0	0	0	0	0	0	0	0	0	0	1	0	0
Tuo Cha Std. Tea	0	0	0	0	0	0	0	0	0	0	1	0	0
Turkish Apple Tea	0	0	0	0	0	0	0	0	0	0	1	0	0
Turkish Style Blend Tea	0	0	0	0	0	0	0	0	0	0	1	0	0
Two leaves and a bud Tea	0	0	0	0	0	0	0	0	0	0	1	0	0
Ukoncha Tea	0	0	0	0	0	0	0	0	0	0	1	0	0
Uva Special BOP Tea	0	0	0	0	0	0	0	0	0	0	1	0	0
Valpolicella	0	0	0	1	0	0	0	0	0	0	0	1	0
Vanilla Cream Fruit Tea	0	0	0	0	0	0	0	0	0	0	1	0	0
Vanilla Honeybush Tea	0	0	0	0	0	0	0	0	0	0	1	0	0
Vanilla Tea	0	0	0	0	0	0	0	0	0	0	1	0	0
Victorian Brew BOP1 Tea	0	0	0	0	0	0	0	0	0	0	1	0	0
Vietnam Green Mao Feng Organic Tea	0	0	0	0	0	0	0	0	0	0	1	0	0
Vietnamese Lotus Tea	0	0	0	0	0	0	0	0	0	0	1	0	0
Vietnamese Tea	0	0	0	0	0	0	0	0	0	0	1	0	0
Water Fairy Oolong Tea	0	0	0	0	0	0	0	0	0	0	1	0	0
Wedang Jahe Tea	0	0	0	0	0	0	0	0	0	0	1	0	0
White Needle Tea	0	0	0	0	0	0	0	0	0	0	1	0	0
White Tea	0	0	0	0	0	0	0	0	0	0	1	0	0
Wong Lo Kat Tea	0	0	0	0	0	0	0	0	0	0	1	0	0
Wuyi Tea	0	0	0	0	0	0	0	0	0	0	1	0	0
Xia Sang Ju Tea	0	0	0	0	0	0	0	0	0	0	1	0	0
Xiang Bi Luo Tea	0	0	0	0	0	0	0	0	0	0	1	0	0
Yellow Tea	0	0	0	0	0	0	0	0	0	0	1	0	0
Yerba Buena Tea	0	0	0	0	0	0	0	0	0	0	1	0	0
Yerba Mate Tea	0	0	0	0	0	0	0	0	0	0	1	0	0
Yin Jun Mee Tea	0	0	0	0	0	0	0	0	0	0	1	0	0
Yingdehong Tea	0	0	0	0	0	0	0	0	0	0	1	0	0
Young Hyson Tea	0	0	0	0	0	0	0	0	0	0	1	0	0
Yuanyang Tea	0	0	0	0	0	0	0	0	0	0	1	0	0
Yujacha Tea	0	0	0	0	0	0	0	0	0	0	1	0	0
Yunnan Black Dragon Pearls Tea	0	0	0	0	0	0	0	0	0	0	1	0	0
Yunnan Black Snail Tea	0	0	0	0	0	0	0	0	0	0	1	0	0
Yunnan FBOP Tea	0	0	0	0	0	0	0	0	0	0	1	0	0
Yunnan FOP Select Tea	0	0	0	0	0	0	0	0	0	0	1	0	0
Yunnan Fannings Organic Tea	0	0	0	0	0	0	0	0	0	0	1	0	0
Yunnan GFOP Tea	0	0	0	0	0	0	0	0	0	0	1	0	0
Yunnan Golden Monkey Tea	0	0	0	0	0	0	0	0	0	0	1	0	0
Yunnan Green Mao Feng Tea	0	0	0	0	0	0	0	0	0	0	1	0	0
Yunnan Silver Spiral Tea	0	0	0	0	0	0	0	0	0	0	1	0	0
Yunnan Silver Tip Mao Feng Tea	0	0	0	0	0	0	0	0	0	0	1	0	0
Yunnan TGFOP Tea	0	0	0	0	0	0	0	0	0	0	1	0	0
Yunnan White Needle Tea	0	0	0	0	0	0	0	0	0	0	1	0	0
Zaloni Estate STGFOP Tea	0	0	0	0	0	0	0	0	0	0	1	0	0
Zhang Ping Shui Hsian Oolong Tea	0	0	0	0	0	0	0	0	0	0	1	0	0
Zinfandel	0	0	0	1	0	0	0	0	0	0	0	1	0
aged beer	0	0	1	0	0	0	0	0	0	0	0	1	0
agua fresca	0	0	0	0	0	0	0	0	0	0	0	0	1
aleberry	0	0	0	0	0	0	0	0	0	0	0	0	1
almond milk	0	1	0	0	0	0	0	0	0	0	0	0	0
american rye ale	0	0	1	0	0	0	0	0	0	0	0	1	0
american-style amber ale	0	0	1	0	0	0	0	0	0	0	0	1	0
american-style amber lager	0	0	1	0	0	0	0	0	0	0	0	1	0
american-style barley wine ale	0	0	1	0	0	0	0	0	0	0	0	1	0
american-style brown ale	0	0	1	0	0	0	0	0	0	0	0	1	0
american-style cream ale	0	0	1	0	0	0	0	0	0	0	0	1	0
american-style dark lager	0	0	1	0	0	0	0	0	0	0	0	1	0
american-style ice lager	0	0	1	0	0	0	0	0	0	0	0	1	0
american-style imperial porter	0	0	1	0	0	0	0	0	0	0	0	1	0
american-style imperial stout	0	0	1	0	0	0	0	0	0	0	0	1	0
american-style india black ale	0	0	1	0	0	0	0	0	0	0	0	1	0
american-style india pale ale	0	0	1	0	0	0	0	0	0	0	0	1	0
american-style lager	0	0	1	0	0	0	0	0	0	0	0	1	0
american-style light lager	0	0	1	0	0	0	0	0	0	0	0	1	0
american-style low-carb light lager	0	0	1	0	0	0	0	0	0	0	0	1	0
american-style malt liquor	0	0	1	0	0	0	0	0	0	0	0	1	0
american-style marzen/oktoberfest	0	0	1	0	0	0	0	0	0	0	0	1	0
american-style pale ale	0	0	1	0	0	0	0	0	0	0	0	1	0
american-style pilsener	0	0	1	0	0	0	0	0	0	0	0	1	0
american-style premium lager	0	0	1	0	0	0	0	0	0	0	0	1	0
american-style red ale	0	0	1	0	0	0	0	0	0	0	0	1	0
american-style sour ale	0	0	1	0	0	0	0	0	0	0	0	1	0
american-style stout	0	0	1	0	0	0	0	0	0	0	0	1	0
american-style strong pale ale	0	0	1	0	0	0	0	0	0	0	0	1	0
american-style wheat wine ale	0	0	1	0	0	0	0	0	0	0	0	1	0
anijsmelk	0	0	0	0	0	0	0	0	0	0	0	0	1
atole	0	0	0	0	0	0	0	0	0	0	0	0	1
atole	0	0	0	0	0	0	0	0	0	0	0	0	1
australasian-style light lager	0	0	1	0	0	0	0	0	0	0	0	1	0
australasian-style pale ale	0	0	1	0	0	0	0	0	0	0	0	1	0
baltic-style porter	0	0	1	0	0	0	0	0	0	0	0	1	0
bamberg-style bock rauchbier	0	0	1	0	0	0	0	0	0	0	0	1	0
bamberg-style helles rauchbier	0	0	1	0	0	0	0	0	0	0	0	1	0
bamberg-style marzen	0	0	1	0	0	0	0	0	0	0	0	1	0
bamberg-style weiss rauchbier	0	0	1	0	0	0	0	0	0	0	0	1	0
barley tea	0	0	0	0	0	0	0	0	0	0	0	0	1
beer	0	0	1	0	0	0	0	0	0	0	0	1	0
belgian-style blonde ale	0	0	1	0	0	0	0	0	0	0	0	1	0
belgian-style dark strong ale	0	0	1	0	0	0	0	0	0	0	0	1	0
belgian-style dubbel	0	0	1	0	0	0	0	0	0	0	0	1	0
belgian-style flanders/oud bruin	0	0	1	0	0	0	0	0	0	0	0	1	0
belgian-style fruit lambic	0	0	1	0	0	0	0	0	0	0	0	1	0
belgian-style gueuze lambic	0	0	1	0	0	0	0	0	0	0	0	1	0
belgian-style lambic	0	0	1	0	0	0	0	0	0	0	0	1	0
belgian-style pale ale	0	0	1	0	0	0	0	0	0	0	0	1	0
belgian-style pale strong ale	0	0	1	0	0	0	0	0	0	0	0	1	0
belgian-style quadrupel	0	0	1	0	0	0	0	0	0	0	0	1	0
belgian-style table beer	0	0	1	0	0	0	0	0	0	0	0	1	0
belgian-style tripel	0	0	1	0	0	0	0	0	0	0	0	1	0
belgian-style white	0	0	1	0	0	0	0	0	0	0	0	1	0
beopju	0	0	0	0	0	0	0	0	0	0	0	1	0
berliner-style weisse	0	0	1	0	0	0	0	0	0	0	0	1	0
best bitter	0	0	1	0	0	0	0	0	0	0	0	1	0
blonde ale	0	0	1	0	0	0	0	0	0	0	0	1	0
boba tea	0	0	0	0	0	0	0	0	0	0	1	0	1
bohemian-style pilsener	0	0	1	0	0	0	0	0	0	0	0	1	0
bone broth	0	0	0	0	0	0	0	0	0	1	0	0	1
bourbon	0	0	0	0	0	0	0	0	0	0	0	1	0
brandy	0	0	0	0	0	0	0	0	0	0	0	1	0
british-style barley wine ale	0	0	1	0	0	0	0	0	0	0	0	1	0
british-style imperial stout	0	0	1	0	0	0	0	0	0	0	0	1	0
brown porter	0	0	1	0	0	0	0	0	0	0	0	1	0
brown rice Tea	0	0	0	0	0	0	0	0	0	0	1	0	0
cafe au lait	0	0	0	0	0	0	0	1	0	0	0	0	0
café Cubano	0	0	0	0	0	0	0	1	0	0	0	0	0
caipirinha	0	0	0	0	0	0	0	0	0	0	0	1	0
california common beer	0	0	1	0	0	0	0	0	0	0	0	1	0
cappuchino	0	0	0	0	0	0	0	1	0	0	0	0	0
carbonated water	0	0	0	0	0	1	0	0	0	0	0	0	0
cashew milk	0	1	0	0	0	0	0	0	0	0	0	0	0
chocolate/cocoa-flavored beer	0	0	1	0	0	0	0	0	0	0	0	1	0
cider	0	0	0	0	0	0	0	0	0	0	0	0	1
classic english-style pale ale	0	0	1	0	0	0	0	0	0	0	0	1	0
classic irish-style dry stout	0	0	1	0	0	0	0	0	0	0	0	1	0
coconut milk	0	1	0	0	0	0	0	0	0	0	0	0	0
coffee	0	0	0	0	0	0	0	1	0	0	0	0	0
coffee frappe	0	0	0	0	0	0	0	1	0	0	0	0	0
coffee-flavored beer	0	0	1	0	0	0	0	0	0	0	0	1	0
cognac	0	0	0	0	0	0	0	0	0	0	0	1	0
cognac	0	0	0	0	0	0	0	0	0	0	0	1	0
cola	0	0	0	0	0	0	1	0	0	0	0	0	0
cold brew coffee	0	0	0	0	0	0	0	1	0	0	0	0	0
daiquiri	0	0	0	0	0	0	0	0	0	0	0	1	0
dark american wheat ale	0	0	1	0	0	0	0	0	0	0	0	1	0
dark american wheat lager	0	0	1	0	0	0	0	0	0	0	0	1	0
dark american-belgo-style ale	0	0	1	0	0	0	0	0	0	0	0	1	0
doogh	1	0	0	0	0	0	0	0	0	0	0	0	1
dortmunder-style export	0	0	1	0	0	0	0	0	0	0	0	1	0
double espresso	0	0	0	0	0	0	0	1	0	0	0	0	0
dry lager	0	0	1	0	0	0	0	0	0	0	0	1	0
east coast india pale ale	0	0	1	0	0	0	0	0	0	0	0	1	0
energy drink	0	0	0	0	0	0	0	0	1	0	0	0	0
energy shot	0	0	0	0	0	0	0	0	1	0	0	0	0
english-style brown ale	0	0	1	0	0	0	0	0	0	0	0	1	0
english-style dark mild ale	0	0	1	0	0	0	0	0	0	0	0	1	0
english-style india pale ale	0	0	1	0	0	0	0	0	0	0	0	1	0
english-style pale mild ale	0	0	1	0	0	0	0	0	0	0	0	1	0
english-style summer ale	0	0	1	0	0	0	0	0	0	0	0	1	0
espresso	0	0	0	0	0	0	0	1	0	0	0	0	0
european low-alcohol lager	0	0	1	0	0	0	0	0	0	0	0	1	0
european-style dark	0	0	1	0	0	0	0	0	0	0	0	1	0
european-style export	0	0	1	0	0	0	0	0	0	0	0	1	0
experimental beer	0	0	1	0	0	0	0	0	0	0	0	1	0
extra special bitter	0	0	1	0	0	0	0	0	0	0	0	1	0
field beer	0	0	1	0	0	0	0	0	0	0	0	1	0
fitness water	0	0	0	0	0	1	0	0	0	0	0	0	0
flat white	0	0	0	0	0	0	0	1	0	0	0	0	0
flavored water	0	0	0	0	0	1	0	0	0	0	0	0	0
foreign (export)-style stout	0	0	1	0	0	0	0	0	0	0	0	1	0
french & belgian-style saison	0	0	1	0	0	0	0	0	0	0	0	1	0
french-style biere de garde	0	0	1	0	0	0	0	0	0	0	0	1	0
fresh hop ale	0	0	1	0	0	0	0	0	0	0	0	1	0
fruit beer	0	0	1	0	0	0	0	0	0	0	0	1	0
fruit wheat ale or lager	0	0	1	0	0	0	0	0	0	0	0	1	0
german-style brown ale/altbier	0	0	1	0	0	0	0	0	0	0	0	1	0
german-style doppelbock	0	0	1	0	0	0	0	0	0	0	0	1	0
german-style eisbock	0	0	1	0	0	0	0	0	0	0	0	1	0
german-style heller bock/maibock	0	0	1	0	0	0	0	0	0	0	0	1	0
german-style kolsch	0	0	1	0	0	0	0	0	0	0	0	1	0
german-style leichtes weizen	0	0	1	0	0	0	0	0	0	0	0	1	0
german-style marzen	0	0	1	0	0	0	0	0	0	0	0	1	0
german-style oktoberfest	0	0	1	0	0	0	0	0	0	0	0	1	0
german-style pilsener	0	0	1	0	0	0	0	0	0	0	0	1	0
german-style rye ale	0	0	1	0	0	0	0	0	0	0	0	1	0
german-style schwarzbier	0	0	1	0	0	0	0	0	0	0	0	1	0
gin	0	0	0	0	0	0	0	0	0	0	0	1	0
ginger ale	0	0	0	0	0	0	1	0	0	0	0	0	0
ginger beer	0	0	0	0	0	0	1	0	0	0	0	0	0
gluten-free beer	0	0	1	0	0	0	0	0	0	0	0	1	0
goat milk	1	0	0	0	0	0	0	0	0	0	0	0	0
golden ale	0	0	1	0	0	0	0	0	0	0	0	1	0
grog	0	0	0	0	0	0	0	0	0	0	0	0	1
hard cider	0	0	1	0	0	0	0	0	0	0	0	1	0
hard lemonade	0	0	0	0	0	0	0	0	0	0	0	1	0
hard orangeade	0	0	0	0	0	0	0	0	0	0	0	1	0
hard soda	0	0	0	0	0	0	0	0	0	0	0	1	0
hazy india pale ale	0	0	1	0	0	0	0	0	0	0	0	1	0
herb and spice beer	0	0	1	0	0	0	0	0	0	0	0	1	0
highball	0	0	0	0	0	0	0	0	0	0	0	1	0
hot chocolate	0	0	0	0	0	0	0	0	0	0	0	0	1
hot toddy	0	0	0	0	0	0	0	0	0	0	0	0	1
iced coffee	0	0	0	0	0	0	0	1	0	0	0	0	0
icewine	0	0	0	1	0	0	0	0	0	0	0	1	0
imperial or double india pale ale	0	0	1	0	0	0	0	0	0	0	0	1	0
imperial or double red ale	0	0	1	0	0	0	0	0	0	0	0	1	0
international-style pale ale	0	0	1	0	0	0	0	0	0	0	0	1	0
international-style pilsener	0	0	1	0	0	0	0	0	0	0	0	1	0
irish coffee	0	0	0	0	0	0	0	0	0	0	0	1	0
irish-style red ale	0	0	1	0	0	0	0	0	0	0	0	1	0
japanese sake-yeast beer	0	0	1	0	0	0	0	0	0	0	0	1	0
juice	0	0	0	0	1	0	0	0	0	0	0	0	0
juice drink	0	0	0	0	1	0	0	0	0	0	0	0	0
juice drink from concentrate	0	0	0	0	1	0	0	0	0	0	0	0	0
kefir	1	0	0	0	0	0	0	0	0	0	0	0	0
kellerbier - ale	0	0	1	0	0	0	0	0	0	0	0	1	0
kellerbier - lager	0	0	1	0	0	0	0	0	0	0	0	1	0
kombucha	0	0	0	0	0	0	0	0	0	0	0	0	1
lassi	1	0	0	0	0	0	0	0	0	0	0	0	1
latin american-style light lager	0	0	1	0	0	0	0	0	0	0	0	1	0
latte	0	0	0	0	0	0	0	1	0	0	0	0	0
leipzig-style gose	0	0	1	0	0	0	0	0	0	0	0	1	0
lemonade	0	0	0	0	1	0	1	0	0	0	0	0	0
light american lager	0	0	1	0	0	0	0	0	0	0	0	1	0
light american wheat ale	0	0	1	0	0	0	0	0	0	0	0	1	0
macchiato	0	0	0	0	0	0	0	1	0	0	0	0	0
malt beverage	0	0	0	0	0	0	0	0	0	0	0	1	0
malted milk drink	1	0	0	0	0	0	0	0	0	0	0	0	1
mijiu	0	0	0	0	0	0	0	0	0	0	0	1	0
milk	1	0	0	0	0	0	0	0	0	0	0	0	0
milkshake	1	0	0	0	0	0	0	0	0	0	0	0	0
milkshake india pale ale	0	0	1	0	0	0	0	0	0	0	0	1	0
mocha	0	0	0	0	0	0	0	1	0	0	0	0	0
munchner-style helles	0	0	1	0	0	0	0	0	0	0	0	1	0
non-alcoholic beer	0	0	1	0	0	0	0	0	0	0	0	1	0
nutritional shake	0	0	0	0	0	0	0	0	0	1	0	0	0
oat milk	0	1	0	0	0	0	0	0	0	0	0	0	0
oatmeal stout	0	0	1	0	0	0	0	0	0	0	0	1	0
old ale	0	0	1	0	0	0	0	0	0	0	0	1	0
orangeade	0	0	0	0	1	0	1	0	0	0	0	0	0
ordinary bitter	0	0	1	0	0	0	0	0	0	0	0	1	0
pale american-belgo-style ale	0	0	1	0	0	0	0	0	0	0	0	1	0
palm wine	0	0	0	0	0	0	0	0	0	0	0	1	0
perry 	0	0	1	0	0	0	0	0	0	0	0	1	0
po cha	0	0	0	0	0	0	0	0	0	0	0	0	1
pop	0	0	0	0	0	0	1	0	0	0	0	0	0
porter	0	0	1	0	0	0	0	0	0	0	0	1	0
prosecco	0	0	0	1	0	0	0	0	0	0	0	1	0
protein drink	0	0	0	0	0	0	0	0	0	1	0	0	0
protein shake	0	0	0	0	0	0	0	0	0	1	0	0	0
pumpkin beer	0	0	1	0	0	0	0	0	0	0	0	1	0
ready-to-drink protein beverage	0	0	0	0	0	0	0	0	0	1	0	0	0
red blend	0	0	0	1	0	0	0	0	0	0	0	1	0
robust porter	0	0	1	0	0	0	0	0	0	0	0	1	0
root beer	0	0	0	0	0	0	1	0	0	0	0	0	0
rum	0	0	0	0	0	0	0	0	0	0	0	1	0
rye whiskey	0	0	0	0	0	0	0	0	0	0	0	1	0
sake	0	0	0	0	0	0	0	0	0	0	0	1	0
salep	0	0	0	0	0	0	0	0	0	0	0	0	1
sangria	0	0	0	0	0	0	0	0	0	0	0	1	0
schnapps	0	0	0	0	0	0	0	0	0	0	0	1	0
schorle	0	0	0	0	0	0	0	0	0	0	0	1	0
scotch	0	0	0	0	0	0	0	0	0	0	0	1	0
scotch ale	0	0	1	0	0	0	0	0	0	0	0	1	0
scottish-style export ale	0	0	1	0	0	0	0	0	0	0	0	1	0
scottish-style heavy ale	0	0	1	0	0	0	0	0	0	0	0	1	0
scottish-style light ale	0	0	1	0	0	0	0	0	0	0	0	1	0
seltzer	0	0	0	0	0	0	1	0	0	0	0	0	0
session beer	0	0	1	0	0	0	0	0	0	0	0	1	0
smoke beer	0	0	1	0	0	0	0	0	0	0	0	1	0
smoke porter	0	0	1	0	0	0	0	0	0	0	0	1	0
soda	0	0	0	0	0	0	1	0	0	0	0	0	0
south german-style bernsteinfarbenes weizen	0	0	1	0	0	0	0	0	0	0	0	1	0
south german-style dunkel weizen	0	0	1	0	0	0	0	0	0	0	0	1	0
south german-style hefeweizen	0	0	1	0	0	0	0	0	0	0	0	1	0
south german-style kristal weizen	0	0	1	0	0	0	0	0	0	0	0	1	0
south german-style weizenbock	0	0	1	0	0	0	0	0	0	0	0	1	0
soy milk	0	1	0	0	0	0	0	0	0	0	0	0	0
sparkling wine	0	0	0	1	0	0	0	0	0	0	0	1	0
special bitter	0	0	1	0	0	0	0	0	0	0	0	1	0
specialty beer	0	0	1	0	0	0	0	0	0	0	0	1	0
specialty honey ale	0	0	1	0	0	0	0	0	0	0	0	1	0
specialty honey lager	0	0	1	0	0	0	0	0	0	0	0	1	0
specialty stouts	0	0	1	0	0	0	0	0	0	0	0	1	0
spiced punch	0	0	0	0	0	0	0	0	0	0	0	0	1
strong ale	0	0	1	0	0	0	0	0	0	0	0	1	0
sugar water	0	0	0	0	0	1	0	0	0	0	0	0	0
sweet stout	0	0	1	0	0	0	0	0	0	0	0	1	0
sweetened juice drink	0	0	0	0	1	0	0	0	0	0	0	0	0
tea	0	0	0	0	0	0	0	0	0	0	1	0	0
tequila	0	0	0	0	0	0	0	0	0	0	0	1	0
traditional german-style bock	0	0	1	0	0	0	0	0	0	0	0	1	0
tropical-style light lager	0	0	1	0	0	0	0	0	0	0	0	1	0
vermouth	0	0	0	0	0	0	0	0	0	0	0	1	0
vienna-style lager	0	0	1	0	0	0	0	0	0	0	0	1	0
vodka	0	0	0	0	0	0	0	0	0	0	0	1	0
water	0	0	0	0	0	1	0	0	0	0	0	0	0
west coast india pale ale	0	0	1	0	0	0	0	0	0	0	0	1	0
white blend	0	0	0	1	0	0	0	0	0	0	0	1	0
wine	0	0	0	1	0	0	0	0	0	0	0	1	0
winter warmer	0	0	1	0	0	0	0	0	0	0	0	1	0
wood- and barrel-aged beer	0	0	1	0	0	0	0	0	0	0	0	1	0
wood- and barrel-aged dark beer	0	0	1	0	0	0	0	0	0	0	0	1	0
wood- and barrel-aged pale beer	0	0	1	0	0	0	0	0	0	0	0	1	0
wood- and barrel-aged sour beer	0	0	1	0	0	0	0	0	0	0	0	1	0
wood- and barrel-aged strong beer	0	0	1	0	0	0	0	0	0	0	0	1	0
yerba mate	0	0	0	0	0	0	0	0	0	0	0	0	1
yogurt drink	1	0	0	0	0	0	0	0	0	0	0	0	0
yulmu cha	0	0	0	0	0	0	0	0	0	0	0	0	1